,rep1,rep2,rep5,rep6,rep7,rep8,avg
Sampling Precision,6,6,6,22,8,4.0,9
Cluster Precision,3.5,2.68,2.4,15.6,5.8,2.24,4.811666667
Model Accuracy,18.7,14.2,11.1,25.8,21.18,18.97,23.30333333
Cluster Population,6000,9941,10000,7632,9811,9140,9520.666667
